Shopper_Id,ID,Age,Gender,Marital_Status,Owns_Home,Number_of_Children_under_18_years_of_age
Shopper_1,831b9564-99d7-3b57-a9c0-3ac1f31560d5,23,F,D,N,1
Shopper_2,1bd5093b-5a76-3ccc-b0d2-37695a858a95,42,F,M,N,1
Shopper_3,d08139f8-c50d-3472-adf8-6dcc4724164c,51,F,M,N,1
Shopper_4,29b285af-f631-3100-9a4e-5de09df7f974,35,F,D,N,2
Shopper_5,63fc3248-9900-3074-b887-c6ed6d73d0e3,42,M,S,N,0
Shopper_6,3fe4135c-06c1-395c-923d-f10f3552dd75,50,M,M,Y,1
Shopper_7,725954b6-5227-3d88-b6bf-8a6b822dd8d4,40,M,M,Y,0
Shopper_8,c0b4b558-84e1-3400-8f6f-18db12478292,58,M,M,Y,0
Shopper_9,eca4c7c4-7b92-3648-ba55-f84020ced575,36,F,M,N,2
Shopper_10,39a86f65-f08d-330b-8d37-57d082631adf,56,F,M,Y,1
Shopper_11,178732a0-709f-37de-8188-becd7d4f859f,23,F,S,N,0
Shopper_12,b78feb44-2b0b-3131-9935-f0802c08db3f,61,M,M,Y,0
Shopper_13,9cc20ae7-6b44-3c97-9f51-76789bbcf275,76,M,M,Y,2
Shopper_14,43eefca9-9f82-3adc-8efe-decc03100807,50,M,M,Y,2
Shopper_15,00d93a11-9304-345c-917a-c9be3ff4e999,25,F,M,Y,0
Shopper_16,e4b8f1dd-cd15-3477-8b38-f12b22c1e00d,71,M,M,Y,0
Shopper_17,1d367279-918a-3a87-9fe4-148b0b57fbaa,66,F,M,N,0
Shopper_18,96d2a6dc-0fc6-3539-a56d-3753a9cf7d95,28,F,M,Y,2
Shopper_19,6b98b21d-5de8-342b-a74f-2e22b17d567a,36,M,S,N,0
Shopper_20,0e2bda2d-9447-3963-ac56-c18b34892350,61,F,M,Y,0
Shopper_21,23d3ea98-d569-39f7-bf85-3a8c6804779e,39,F,D,N,1
Shopper_22,8a3fed0d-2b89-3c23-81b3-e574d09cff1c,63,M,M,N,0
Shopper_23,9595b3cd-9cca-358a-9332-beb3fc866adf,77,M,D,Y,1
Shopper_24,59081e1d-5dcc-3611-906e-eb9bce76f678,56,M,S,Y,0
Shopper_25,18dd5301-f972-3a99-b2bf-00e76e43eecd,80,F,S,Y,0
Shopper_26,d3b1c83b-e81d-39b5-b05f-5e56e788118a,64,F,S,Y,0
Shopper_27,9240bfdc-f217-3f15-8a25-56275b126406,62,M,S,Y,0
Shopper_28,bc811f9d-e05a-33bf-ac77-f2885989841f,46,F,M,Y,3
Shopper_29,8fa6c30a-ae6f-39fb-9e19-76689d8235d9,23,F,M,N,0
Shopper_30,92a3e8dd-449c-3e91-ab67-345909ace019,46,F,M,Y,0
Shopper_31,d24e1237-8941-31d8-8633-2560d88761ed,38,F,S,N,0
Shopper_32,1c7c787c-2ac6-328a-bc32-ac7eb78a9226,41,F,M,Y,2
Shopper_33,70356583-9bb9-3e7c-b2ac-440ecab719b5,63,M,M,Y,0
Shopper_34,86a2a3df-334e-3e0d-ae8d-a867c439be92,62,M,S,Y,0
Shopper_35,71dcc8fc-3ce2-3d2c-b526-beae8ac47b06,66,M,M,Y,0
Shopper_36,1551900f-62f1-3341-9ef6-084856c6dfd9,46,F,M,Y,0
Shopper_37,fa7e0cff-e1c0-3147-b737-9abc9135b61a,58,F,S,Y,0
Shopper_38,27a4e02e-a8d6-39bb-9135-7c02a9a320ca,64,M,M,Y,0
Shopper_39,52261b6b-59a8-3acd-9481-b26025ec4849,65,M,M,Y,0
Shopper_40,91558a25-87cd-3dd9-9a26-1662fecefb7f,28,M,S,N,0
Shopper_41,558bba28-aec9-36b7-8f5d-b2131bc8327c,45,M,M,Y,3
Shopper_42,549b2d61-a361-395d-939c-786194000f5c,55,F,M,Y,0
Shopper_43,d9bc5c94-6f31-33ee-bcb4-b697419c385f,50,M,M,Y,0
Shopper_44,fe916b90-e7b5-3e1b-ae26-6972a175c001,20,M,S,Y,0
Shopper_45,0991df38-a6d8-33d8-bdf1-a1ada183f3c3,66,F,S,N,0
Shopper_46,f16197c1-e65a-33b6-a120-7e9befcf8de8,49,M,S,N,0
Shopper_47,61b1992d-6eef-3ba1-95a9-dccf1d3b08d4,61,F,D,Y,3
Shopper_48,1f22229c-25a8-3853-9c97-c74d67e80ab8,41,M,S,N,0
Shopper_49,cf435f42-d283-396c-8e90-74a66753ee1f,67,F,M,N,1
Shopper_50,26e72d7b-73db-3fe1-91ec-6ad73cd93bde,26,F,M,N,1
Shopper_51,85ea9820-dfbc-3723-aa51-d5916f9d290b,37,F,S,N,0
Shopper_52,0c47ae5c-05ea-3528-83b6-46ff900acf10,49,F,M,N,3
Shopper_53,965511f2-c9e7-36f9-bf23-3b0d586b507a,47,M,S,N,0
Shopper_54,fffe9faf-eabd-3d7e-bf8a-b49d5c458b29,54,M,M,Y,1
Shopper_55,4711ecea-e3ff-3ff0-b00c-d63a9afded3e,73,M,M,Y,0
Shopper_56,7129406a-1067-3fd4-aa21-6b1d64b5b7b6,69,M,S,Y,0
Shopper_57,53581858-c4a8-3c36-967c-0c6517080a23,57,F,S,N,0
Shopper_58,951d3725-6dff-3403-9154-c953aeed8a4f,51,M,M,Y,1
Shopper_59,99262ae5-1ee7-37ba-a8fb-916737769f5a,66,M,S,Y,0
Shopper_60,ed7fef1b-7506-338f-8087-b267261896f8,34,M,S,Y,0
Shopper_61,dbabb752-6e41-3558-97a4-acc17e693321,32,M,M,N,0
Shopper_62,d3632e22-4a3b-3b84-b9ff-76e5631f9a84,50,M,S,Y,0
Shopper_63,fb449176-20e7-3748-a99d-2ccc6471a13c,53,F,M,Y,0
Shopper_64,74428f45-6f9e-33b2-9d41-684032829e2b,48,M,S,Y,0
Shopper_65,1cae0b4f-feff-3d77-b61b-07f41004e6cd,37,M,D,Y,1
Shopper_66,dbd0459e-db20-3be1-bb00-97fe845dba6f,56,F,D,N,1
Shopper_67,37706010-bfaf-32d2-90e0-1951c4ce6c41,72,M,M,Y,0
Shopper_68,82a70c0c-1f10-312f-b576-cc8712e5ef49,55,F,S,N,0
Shopper_69,3bc0b4bb-e2ac-38fb-8238-635f3e429593,36,F,D,N,2
Shopper_70,fe34588a-74f9-3d93-a237-8d6444a92fab,61,M,M,Y,0
Shopper_71,16f366b7-7ff1-3bad-95a0-c1bd47e2473e,68,F,M,Y,0
Shopper_72,1509c15b-0fb5-383f-91c1-d65539226563,57,M,M,Y,0
Shopper_73,45b36d15-4936-3ef7-89cd-a83d88cf2ba3,54,M,M,Y,0
Shopper_74,e9ebd9b5-eaa1-33b3-96bb-5f83cd6dfb56,54,F,D,Y,1
Shopper_75,e1c64bca-6466-3e2d-885d-28d5136999ec,61,M,M,Y,0
Shopper_76,812f2278-0cb5-3eb1-b33e-e65cb72a193c,73,F,M,Y,0
Shopper_77,7205993d-1736-370e-ad3c-0ed23977a59f,35,F,D,N,1
Shopper_78,7d2846dd-afc9-3771-b085-bf4c15a25d79,63,F,M,Y,0
Shopper_79,47cbfd54-c9a2-3b66-8796-4affeca28621,27,M,D,Y,2
Shopper_80,06ab6e37-aea7-3432-89be-02f6e033e5fe,73,M,S,Y,0
Shopper_81,38bbb6c2-4c23-33e0-88f5-1bb049725f03,56,F,M,Y,2
Shopper_82,9df08877-13e8-3c8f-b182-c1dae4f1838b,49,M,M,N,2
Shopper_83,97b60a28-5d60-3f9a-bc06-ebd4c7e53b81,31,M,M,Y,0
Shopper_84,9dfc8490-19e9-3697-8ef6-9de11b8477aa,40,M,M,Y,0
Shopper_85,6521a285-534c-3d58-b9fe-1d46c696629f,23,F,D,N,2
Shopper_86,11147c5a-541d-380d-b03d-606d9f00c328,47,F,S,N,0
Shopper_87,5d3edbcb-5c02-37cb-98dc-93ce5aa4b3f7,27,F,M,Y,2
Shopper_88,eca2edf0-5447-398e-8751-12312438f06e,53,M,S,Y,0
Shopper_89,1e86e8ae-45e7-34eb-8a78-c187b7dc0e77,30,F,S,N,0
Shopper_90,20bd96f9-e9a4-36b9-9ce9-b7a68b65df30,34,F,M,N,0
Shopper_91,c03ed94e-b42e-3a1d-b661-577ee24017e7,88,M,M,Y,0
Shopper_92,ac4c685d-fe37-3802-ad56-e9e5f43aeff5,43,F,M,N,0
Shopper_93,ca278743-9065-38f3-a265-d32ab25b640d,35,M,S,N,0
Shopper_94,1243d34b-189d-3f0e-b214-ff6a1df4c9fa,38,M,S,N,0
Shopper_95,d53699f2-7ffe-33d8-840e-8e56e451809d,53,F,M,Y,0
Shopper_96,ce041c8e-f63d-3b51-9489-f350e6734209,48,M,M,Y,2
Shopper_97,7fb9fbbb-fdcc-3a9e-a338-ece1ac96e1e7,24,F,D,Y,1
Shopper_98,0e21b414-c552-3cb1-8f77-de6dfe2820f2,59,F,M,Y,1
Shopper_99,bc956d7b-cedd-35ab-bb19-580695cf8f5e,48,M,M,Y,1
Shopper_100,da088683-3af0-3897-9172-47280fdcdf81,78,F,S,Y,0
Shopper_101,91a4c776-b9d0-3c7b-804d-e0aaab33733a,34,F,S,Y,0
Shopper_102,8d7067c9-b5d0-3d19-b215-4c4b0d0e7e4f,62,F,S,Y,0
Shopper_103,7493cecf-6963-35bf-8e22-8e0d35ae173a,45,M,M,Y,3
Shopper_104,dba7c341-4264-37fc-8d9f-dd9903f76315,38,F,S,N,0
Shopper_105,a126c376-ee5d-3bd7-b57f-a53bbe41e9ec,54,M,M,Y,1
Shopper_106,27191d13-3559-36b6-9cb4-b3cc02b5426b,68,M,M,Y,0
Shopper_107,bd1cc75d-2fde-32b5-8841-c0083d2c6524,42,F,M,N,1
Shopper_108,0e5fc2e6-0ac9-358d-bdc5-b074f934d7d6,45,F,M,Y,1
Shopper_109,fcc3a750-bc7a-336e-8f08-8eb080eec57b,37,F,M,Y,2
Shopper_110,6c5a7439-4c1a-3809-9a7d-9722f0f4ee2f,50,M,M,Y,1
Shopper_111,89cbeaa0-2829-3f61-a50e-30e3f745dda3,26,F,D,N,1
Shopper_112,eefae868-26da-3b4f-86a6-8473b0a295a3,78,F,S,N,0
Shopper_113,c2e91fe4-a16f-3794-9cee-8d5d2584955e,22,F,S,N,0
Shopper_114,bfc2e412-2af6-3f1a-9a15-a8bceec94789,38,M,M,Y,0
Shopper_115,e16edbfa-63e7-30b4-8939-3a937bb5e1d8,43,F,S,N,0
Shopper_116,10cf1958-b97e-32f4-8e81-b7781b46332f,57,M,S,Y,0
Shopper_117,0ced9f50-5584-38d6-96b6-cbc9e57d148b,50,M,S,N,0
Shopper_118,e2fb41d8-21cc-3631-bfb8-348f1cf52228,22,F,S,N,0
Shopper_119,a12460ef-cce5-3818-a8b1-a94d84ece224,34,M,S,N,0
Shopper_120,a32a2379-45f1-3090-9290-81be99724e22,82,F,M,N,0
Shopper_121,0e3fe758-784d-3c4e-a9c5-9094271d006b,46,M,M,Y,2
Shopper_122,410e0146-646e-37a8-b359-d8b545f70cfc,39,F,S,N,0
Shopper_123,8cca7a84-29f0-3345-889f-24e2154008f1,21,F,S,N,0
Shopper_124,e6a02ba1-898f-3dde-a757-47cf7ac5a762,36,F,M,N,1
Shopper_125,330cf2e3-2812-396e-9950-8390e76d3a73,46,F,M,Y,3
Shopper_126,71dacd9e-8c97-3f5d-b42f-9ec6c8e17f4f,56,M,S,Y,0
Shopper_127,a01da841-7d02-324b-99d2-b66cad09a14e,62,F,S,N,0
Shopper_128,657417b4-0fbf-300c-8b44-bc74ea9c772b,66,F,S,N,0
Shopper_129,140f612c-c614-392d-9599-54f9e54fd462,63,F,S,N,0
Shopper_130,7945442c-c90b-3d50-a141-bceab81bd642,65,M,M,N,0
Shopper_131,baab54b1-1401-3c41-a66d-68f1d8f0e157,43,F,S,Y,0
Shopper_132,da981216-aa0b-3e5c-8705-6be9ff28e321,31,F,S,Y,0
Shopper_133,ac636705-b37e-300d-a96f-cc5753329e20,63,M,S,Y,0
Shopper_134,83682927-66ed-3351-ac26-96c23a5b3e63,39,M,M,Y,0
Shopper_135,d137efb9-5688-310e-9288-835f242942d8,72,M,M,Y,0
Shopper_136,a9e9d77b-26a6-35ef-bd81-5a6d038699af,45,M,M,Y,1
Shopper_137,78ca48ee-7587-33a5-beb7-9f4b02a89fd2,52,M,M,Y,0
Shopper_138,e2256069-f08a-329c-a3c6-7a690f1865c7,43,M,M,N,1
Shopper_139,93c6082d-684b-3934-b373-441d75378403,33,M,S,Y,0
Shopper_140,9ec44e6d-730e-318c-9ec5-79198748fe62,55,F,S,N,0
Shopper_141,ae9c6490-6d8f-3741-a706-2efff7efedff,48,M,M,Y,1
Shopper_142,317db305-16e5-373c-ac0d-8f587fe0c04b,60,F,S,Y,0
Shopper_143,344dfd91-5160-372b-a85b-d005ebeba4bc,49,M,M,Y,0
Shopper_144,17329097-cd7b-387f-8da4-891c0b305c01,41,M,M,Y,0
Shopper_145,37cc6dec-ee2f-3564-ab85-8f771331cd7a,74,F,M,Y,0
Shopper_146,808cf6bf-d2a9-314d-9858-5a22a54da3b9,36,F,S,N,0
Shopper_147,d1706a00-8e03-377b-9a84-1babb448168d,49,F,S,Y,0
Shopper_148,4a0014f2-5427-3c2f-a454-6f422e98e1f7,60,M,S,Y,0
Shopper_149,3773dd42-3fad-319b-bf4a-afd6973ee313,31,M,M,Y,0
Shopper_150,2671d445-c22f-339b-a143-2b9ada4a3855,67,M,M,Y,0
Shopper_151,d337e87d-45dd-3fe1-937f-b46f637f9526,78,M,D,Y,1
Shopper_152,ae08aeca-13cb-3694-aaf2-f0e668bda936,31,M,M,Y,0
Shopper_153,eaf03fba-30ec-32a0-a56e-875f2a7bebfc,48,M,S,N,0
Shopper_154,6ec49633-0b34-3429-81b9-aa83286b154f,61,M,S,Y,0
Shopper_155,eeac2a95-d2c6-3b7e-9fb1-755d573501b4,34,F,S,N,0
Shopper_156,da501500-cc85-3f74-85f1-09481b028ad3,73,M,M,Y,0
Shopper_157,0ff4935c-7b2f-336d-a054-15863b652dc4,60,F,S,N,0
Shopper_158,665a00f2-eaf8-39b5-a45a-e67690a4df73,42,M,M,Y,0
Shopper_159,1ec8177d-6fc5-3633-8910-1a695168a894,50,M,M,Y,2
Shopper_160,f5856c61-05fc-35d1-9ca1-54f3df352053,52,M,M,Y,0
Shopper_161,a89fd744-4928-3dd1-be52-01d7eb2109ef,63,F,S,Y,0
Shopper_162,4c3cd57f-cda5-33ab-8e19-09ddbb5b5477,68,M,S,N,0
Shopper_163,c260611d-4c4e-372f-9e18-ee1c07e6c931,81,F,M,N,1
Shopper_164,63d89bb2-b5b9-360c-b8e5-0175302ca054,40,M,M,Y,0
Shopper_165,c532a9e9-6e03-39f4-a0b1-cd88b05aa713,22,M,S,N,0
Shopper_166,51240092-e227-3f5b-a683-955a607a8319,44,F,M,N,1
Shopper_167,98362697-0510-3bc3-b42e-eaff0a6770a9,48,M,S,Y,0
Shopper_168,31c5c210-4239-3846-acbf-e9169c5eb89d,24,F,S,Y,0
Shopper_169,c0c2a4f0-89b3-3ac4-974e-2f18d8887c92,40,F,S,Y,0
Shopper_170,ab6d53f6-cbcd-3815-baf0-57351ef75edc,53,F,M,Y,1
Shopper_171,c276f559-5968-3102-a20c-40dda5a46eaa,57,M,M,Y,0
Shopper_172,adce53f7-873c-345d-8e18-a5eca6b55b81,62,F,S,Y,0
Shopper_173,c8e38592-f586-3bef-bd22-9319bda43640,25,F,M,Y,2
Shopper_174,9549ee8c-8576-3ba2-bca6-bfcd46464f26,29,F,M,N,0
Shopper_175,521a4435-a32c-3440-a6e0-de99087740e9,89,M,D,N,4
Shopper_176,9a503257-32ac-33c9-8d0a-8fc2c2a97480,57,M,S,N,0
Shopper_177,c938f077-ae16-3be0-96a5-321c771b592d,48,M,M,N,0
Shopper_178,b4ea7d57-04a9-3e24-b5a8-61892bbbf86c,44,F,M,Y,5
Shopper_179,7575b724-aca1-396a-b278-f0bfde942ed0,65,M,M,Y,1
Shopper_180,d9fb2bde-d2da-3f1e-a109-a1ec4beb3931,46,F,M,Y,0
Shopper_181,e1f906e7-c82a-3776-ac84-77a07107d1f9,70,F,S,Y,0
Shopper_182,2b0d22f8-71c4-36ef-b30b-9743b6a3a8b8,67,M,M,Y,0
Shopper_183,8355255f-f145-35e9-a9d2-81356c7ef671,23,F,M,Y,1
Shopper_184,10916dc9-acb1-39ba-b4ea-31298eb50887,35,M,M,Y,1
Shopper_185,2f761840-3823-39e1-8ab9-542fd26a35bd,28,M,S,Y,0
Shopper_186,9821d9e7-991e-3abc-ae28-5e26c6529ced,57,M,M,Y,0
Shopper_187,2b3048f0-80b3-3f31-a3ef-27b1665266d0,49,M,M,Y,1
Shopper_188,b8156317-9fb8-3793-8206-7de95628c828,63,M,S,Y,0
Shopper_189,7461710f-3ba2-312e-99be-515e80d921a3,66,M,M,Y,0
Shopper_190,b9426e41-df25-3155-9b12-5e6e52d7f75f,40,F,M,N,0
Shopper_191,31a6d194-ed8f-35d1-87c4-58467865ace3,31,F,M,Y,2
Shopper_192,e2d4889a-d27a-3b6a-b0a8-a027911cc397,38,M,M,Y,5
Shopper_193,dcd37953-dd15-334f-b4cb-fd37d587edfc,49,M,M,Y,0
Shopper_194,2d4ca9e5-5342-3fcc-9d98-cd1946439363,23,F,S,N,0
Shopper_195,231c3643-5936-3e84-b097-ff0d695b390d,33,F,M,N,0
Shopper_196,45ca24e6-5177-3ecb-8ec7-6209699fe7af,61,M,S,N,0
Shopper_197,9ef1cded-f2bc-3e5d-a200-acdfd4ce9a5d,52,M,M,N,2
Shopper_198,ee345895-4208-3b3e-98ce-b1b170129246,50,F,M,Y,1
Shopper_199,d3180968-6b0f-3902-96ac-e3c629d94caa,19,M,M,N,0
Shopper_200,83e90677-6f9b-3818-9e3e-1ac9e4ba39e6,66,M,M,N,0
Shopper_201,6016bcca-bac2-38b0-b48b-b9d4d9c5aa53,83,M,M,N,1
Shopper_202,60ac2c88-82af-379c-8c84-1b4b38873e22,30,F,S,Y,0
Shopper_203,affd2fce-43fe-329e-8cc4-68319ffa30c0,45,M,S,N,0
Shopper_204,d91698ba-7669-327a-bd64-2343fd9f782c,80,F,S,N,0
Shopper_205,df82333d-6e7b-3da8-ae31-8d7094b854cc,46,F,M,Y,0
Shopper_206,8639d9cd-e3f1-36aa-b6f3-c7e4038f8c72,78,M,S,N,0
Shopper_207,b25e186b-9635-3ca8-9018-bcea040d83eb,44,M,D,N,5
Shopper_208,95ea70a7-b874-352c-a3fa-1014806a79b9,74,F,S,N,0
Shopper_209,fdd47154-e9da-3f2e-bdc8-19cd5c95c19e,52,M,M,Y,0
Shopper_210,7685288d-de1f-34e4-b4fb-486ce92f04e8,43,F,M,Y,3
Shopper_211,c5144987-3ee9-33af-a422-e1b241565885,73,M,M,Y,0
Shopper_212,ca34eaa8-10f6-3843-9079-db876e9e88b0,70,M,M,Y,1
Shopper_213,20222c97-270c-3157-b194-4596bf44b45f,45,F,M,Y,1
Shopper_214,b961aad8-cc47-31da-927a-cd1caa759a1f,69,M,M,Y,0
Shopper_215,b643db21-283f-3fbd-ada4-b820a04d5cd5,63,M,M,Y,1
Shopper_216,8811ce2e-a44f-3226-8520-6e8802d11a5c,68,F,S,Y,0
Shopper_217,d24999d3-bb11-3559-9f6d-62be1e9d356f,44,M,M,Y,5
Shopper_218,11d0d71f-1e21-3745-a746-3ed1d779fc1f,66,M,M,Y,0
Shopper_219,d997e4b0-4fce-34ce-acd5-f78f3fa73082,42,F,D,Y,1
Shopper_220,7c61594a-b211-3275-8737-a8af425e78fe,56,M,M,Y,0
Shopper_221,751669e9-0ba7-3e80-a1a0-15293df6bc91,48,M,S,N,0
Shopper_222,24b599ad-a47d-3a98-86cb-c418ea5f6a0f,37,M,M,Y,3
Shopper_223,b85ad7dd-f4c2-32a3-b4a0-296f0efbc88a,25,F,S,Y,0
Shopper_224,1fb83873-d2ca-37c1-9722-412d28e87e24,58,F,S,N,0
Shopper_225,2056433b-4650-3487-a347-237d4a9028cf,60,M,M,N,0
Shopper_226,80aca5b8-48ed-3d5d-ac68-54559fab1a24,30,M,M,Y,0
Shopper_227,6d1cbbb6-213f-3dcd-a28b-2a1e4fe76bcd,45,M,M,Y,2
Shopper_228,d2924f44-e352-3b25-ab34-31df0e36c26e,35,F,S,Y,0
Shopper_229,0e71d2ab-752b-3cc1-9d2b-f1a1c8da4c46,54,M,M,Y,4
Shopper_230,47188433-38e5-3e1f-a3da-91c69e29a465,29,M,M,N,4
Shopper_231,e64178bb-8631-31ad-bf21-0712342a2658,74,M,M,Y,0
Shopper_232,f6b9e37f-7347-3f83-bf1d-98dc327ccd89,22,M,M,Y,1
Shopper_233,e4bb3d17-d6b9-32b4-a199-d7fe3595f83e,36,F,M,N,1
Shopper_234,51829f96-6a5c-3c48-8716-6891d68da67e,29,M,S,N,0
Shopper_235,31db2475-ffd0-3bbf-a0f3-f9d87998f8f9,39,M,M,Y,1
Shopper_236,2154cd44-50ce-318e-905e-a2c20b9e2208,44,M,M,N,0
Shopper_237,d562dad8-b3c6-30c7-a3b5-cfa60ebd757c,34,M,S,N,0
Shopper_238,08861169-81c9-3e87-812c-88a06c5e20e9,42,M,M,Y,1
Shopper_239,220f8653-24b2-3320-94fc-7f52eed612d3,46,F,D,N,1
Shopper_240,b6a0eb68-3a2e-3b40-96db-0dbf9a6581c0,54,F,M,Y,0
Shopper_241,75b395bc-734c-3078-a619-83c0225d0585,47,M,M,Y,0
Shopper_242,62778c04-98b9-3501-ac2f-0c9a72a46328,21,F,M,N,0
Shopper_243,16bf5011-edc6-3ff2-861e-16af4fce63c4,22,F,M,N,0
Shopper_244,3b0d68f6-2f40-3d74-96e0-07d9fb1e18c1,91,F,M,N,0
Shopper_245,1b5af477-9691-3bf5-b8c5-60d57a22d5d9,46,F,M,Y,0
Shopper_246,9b10a135-49cb-38ac-b31a-5920a8e89ac0,40,F,M,N,2
Shopper_247,0a0cefc4-5cca-3d3c-bc22-66fb5e8cad07,37,M,M,Y,0
Shopper_248,ee12da4e-4e81-3d5f-9ce7-d52bcdedbec8,22,F,S,Y,0
Shopper_249,7221f2d1-cec2-3dfa-8a85-ea570907a2c2,55,M,M,N,0
Shopper_250,9795ffbb-bec0-3165-9d18-dfc0754c64fe,52,F,M,N,0
Shopper_251,f9816b5f-51ec-39a1-b944-6efd9b13e990,28,M,M,Y,1
Shopper_252,b12f9d97-dca4-37e2-8e22-057343a4a5e0,35,M,S,N,0
Shopper_253,eb8f7e12-b233-3f62-8ffc-726bf7987a7d,56,M,M,Y,0
Shopper_254,837d3acb-7150-3ee0-a17a-3759b8ba8600,49,M,S,Y,0
Shopper_255,d1f1c7b0-c520-343f-a3e3-6285aacf2172,68,F,S,N,0
Shopper_256,bf949a2d-6e70-3b4b-bc5d-14c62f0e9939,64,F,D,Y,1
Shopper_257,26ef3243-79d6-344d-b61a-03e1baa6fe2b,49,M,S,N,0
Shopper_258,24b6cb6c-72fc-382f-a801-fbf9ac72c9cc,30,F,S,Y,0
Shopper_259,686e4eea-d016-3e1e-872c-9e35d3e4ad3e,25,M,M,Y,0
Shopper_260,10c562fd-8c57-3e7e-bad5-13b4d9e53628,26,F,S,Y,0
Shopper_261,48d13ceb-637c-3f39-8725-279bc52c94e9,34,F,S,N,0
Shopper_262,ce715805-7b55-3b8e-98f1-02c5465429fd,66,M,M,Y,0
Shopper_263,91c9856f-6146-3f0f-9539-d70bdcb8e46f,58,M,M,Y,0
Shopper_264,3cfd73e0-e5a2-354d-89ae-6cf8ed1384f2,52,M,M,N,0
Shopper_265,d2ed6691-0369-3050-b83b-83b3e2bea38b,59,M,S,N,0
Shopper_266,3326b5d4-81ff-37a9-8172-e28a263dd9c7,64,M,M,Y,0
Shopper_267,294b457a-5bfe-32c3-a6f1-cc1c9e1545f8,59,M,S,Y,0
Shopper_268,4283856f-8ad9-32f6-8f7c-1cbba3a5dddc,60,M,M,N,0
Shopper_269,83dd237b-b555-3050-af90-e3acbc267f79,80,F,S,N,0
Shopper_270,6aa127c1-ece1-3e4d-8839-06947429fd35,45,M,M,Y,4
Shopper_271,a06fff51-cee8-3539-8c47-5f0757d9d0e4,45,F,S,N,0
Shopper_272,7f128a1e-8b6c-314a-a8aa-45971fbd0eba,65,M,M,Y,2
Shopper_273,cf535c1d-fd3a-301a-a97d-e6cac48fc21e,49,F,M,Y,0
Shopper_274,d8c34a59-9a39-365d-869f-f28082fa1cd9,32,F,M,Y,1
Shopper_275,018eff18-febe-37d7-853c-47ad06c70f22,66,M,M,Y,0
Shopper_276,b16d8f9d-9598-3724-af8a-8fb22fdff3f5,37,F,M,N,1
Shopper_277,7e3e08c8-9719-3f5e-9310-56c2dd51b2b1,39,F,S,Y,0
Shopper_278,e51ac816-fd9b-3968-a035-a6c80fcee611,61,M,S,N,0
Shopper_279,f684a889-e99c-3296-85c7-8d15b224a12a,70,F,S,N,0
Shopper_280,91042ef8-296d-34a2-b5e1-4842f4aa0ccc,83,F,D,N,1
Shopper_281,4b9dc48d-2792-3a8c-a67f-58ad886c8eef,34,F,M,N,0
Shopper_282,652cab9f-6ca3-3f61-b5b5-06311b13bad7,37,F,S,N,0
Shopper_283,70ee62f6-97e6-331f-a323-52d2654d03b0,73,M,S,Y,0
Shopper_284,f1637bbf-532f-3047-beae-065d591977e8,31,M,M,N,0
Shopper_285,24809d0c-0676-39d7-9cb3-cc8c4b6c0ee2,85,F,M,Y,0
Shopper_286,c9185fd1-a0e7-3237-b61e-0c6998794e94,50,F,M,Y,2
Shopper_287,2984023d-74d6-3add-bb44-3f9096bd1964,70,M,S,Y,0
Shopper_288,349d4864-07ea-33ff-ba7b-51be17704df0,47,M,M,N,0
Shopper_289,06cd6582-864b-3343-92d1-72a794943a70,36,F,S,Y,0
Shopper_290,8bcff3cc-ee08-3b41-a735-6e8728e3bdb0,51,F,M,Y,1
Shopper_291,beb2bf0c-036f-319e-ae07-4edf9c5a363a,77,M,S,N,0
Shopper_292,ac705be3-0f23-388a-8fce-2a0c1b65b87b,23,F,D,N,1
Shopper_293,78c63ed2-9553-34ed-b642-29abca111995,19,F,M,Y,1
Shopper_294,8ba2d501-230a-30e3-b860-8da0e55df28c,48,M,M,N,0
Shopper_295,09b23776-5c06-3720-9f0e-c17618ba673d,54,M,S,N,0
Shopper_296,4867f970-b5b0-3cd4-b764-ce23ce3f0b92,59,M,M,Y,0
Shopper_297,946be5a9-76e1-31f5-ba76-e92c58897b50,58,F,S,N,0
Shopper_298,0ba9f022-d01e-3249-9702-5a01254320b9,73,M,M,Y,0
Shopper_299,373bbe65-cf2f-3805-9f32-3764386b5fff,52,F,S,Y,0
Shopper_300,9441cd04-8af4-3391-95ec-eaea592986e7,47,M,M,Y,0
Shopper_301,9ea682b8-47f1-3c3b-b25c-2b53db20f452,55,F,S,N,0
Shopper_302,7760b55f-7998-3ea8-ae12-57eb0248ff70,41,M,M,N,0
Shopper_303,411a352a-dd5e-3ee5-8d22-bfdf15282fa4,60,M,M,Y,2
Shopper_304,297649cc-5837-3c5f-a89a-2209d51a7144,36,F,S,N,0
Shopper_305,983e7248-1515-3950-a210-cd092c448d96,65,F,S,Y,0
Shopper_306,5960a9a0-0efb-3db9-bcbc-1ecbd2f3987b,60,M,M,Y,0
Shopper_307,ae0266e2-ae12-3004-901f-3363ee77fe28,51,F,M,Y,0
Shopper_308,34f9191d-c747-3e13-b353-cd4440260b85,49,M,M,Y,1
Shopper_309,569675ce-5475-3676-af17-364fc1899505,61,M,M,Y,1
Shopper_310,0224db16-e8c7-373e-a9bf-59960f97afaf,65,F,S,Y,0
Shopper_311,5b4423f2-063f-3e5e-b127-4b0b38ffe561,77,M,S,N,0
Shopper_312,c9f981ec-0eb5-3ebf-9115-4d097c35f831,57,M,S,Y,0
Shopper_313,d83d2b09-17db-3aea-93b8-1f4a59d3cb73,62,F,S,N,0
Shopper_314,1e286429-7ecd-33f0-9a5b-13005b7d059d,41,M,M,N,0
Shopper_315,e6908dfd-aa86-3f6c-a5db-bc4d0a90d7f2,45,M,M,Y,0
Shopper_316,25de0fe5-4560-3c33-97c5-458333a3778d,49,M,M,N,1
Shopper_317,2cb455f3-ea84-3fea-b7af-528465d98dc6,27,M,M,N,0
Shopper_318,920b0c4d-1bf3-3c37-a4a9-de945b269426,30,M,D,N,1
Shopper_319,afe974da-6c3d-3f47-b093-5a6ea82d4e57,74,M,S,N,0
Shopper_320,a5635e47-31fd-349f-8dd1-68a07cd19cef,30,M,S,N,0
Shopper_321,f63b645b-c5e4-3f9a-94e8-63371446593b,37,M,M,Y,4
Shopper_322,ed0403d6-1716-36c6-a1df-127c23f58845,59,F,S,Y,0
Shopper_323,73a28875-40c7-3dc6-84cc-c9c2cee19a84,50,M,M,Y,0
Shopper_324,8c1bc476-4003-3cbe-be4e-fc3a58c53f84,46,M,M,Y,1
Shopper_325,3fc2e488-40c0-3185-b0e0-2609a2dfe75e,69,M,M,Y,1
Shopper_326,b995c383-09ca-3611-bff3-7660b6049f32,28,F,S,N,0
Shopper_327,a46f0fca-858b-3daa-be36-974667918df0,66,M,M,Y,0
Shopper_328,31b039d7-58d2-3cce-bb95-51f34f8b69bc,38,M,D,N,2
Shopper_329,62ff34e2-d17e-3884-aff0-c2877e945570,69,M,M,N,2
Shopper_330,63f94273-1c84-3d7a-ac0a-aa6914ad5500,57,F,M,Y,0
Shopper_331,d7e8b858-7454-3ade-b308-89195768b44d,36,M,S,Y,0
Shopper_332,e78f3ef7-5380-3bad-a60d-2c40aec992f7,34,F,M,N,1
Shopper_333,71181a77-d7a2-3dd3-9d94-a8f1ecb547ac,26,M,S,N,0
Shopper_334,d86811c1-5c5d-3a6a-bb19-554872649e11,26,F,M,N,0
Shopper_335,997eb4f0-c44c-3db5-93d2-f452b6b97537,51,M,M,Y,3
Shopper_336,71e46dac-9cb6-3ce7-96f2-4bf2fb1d1373,26,F,S,N,0
Shopper_337,9057587c-f7dd-3230-885b-aad484589a6e,36,F,M,N,1
Shopper_338,31143edb-83f3-3759-bdf5-b31d3ad5ad38,19,M,M,N,0
Shopper_339,a35cfb1c-926c-3e53-a039-a5da35f58850,38,F,S,N,0
Shopper_340,cbc2dbab-b6ca-3574-b772-a4fca3c582ca,43,M,M,Y,0
Shopper_341,a742a76e-640f-36e3-99d7-e05f4a15e579,61,F,S,Y,0
Shopper_342,d290165f-3e81-3cfc-ac3b-a87d587299b0,29,F,D,Y,4
Shopper_343,a82d3e72-45e2-3566-8ae3-ebfbf48d15e5,66,F,M,Y,0
Shopper_344,06159242-c97b-32aa-be5a-97108fc3f2fc,36,F,M,Y,0
Shopper_345,43e1451f-4cec-3f1d-9731-741abba01558,63,M,M,Y,1
Shopper_346,00767183-1107-3875-9a8b-8346347b8252,43,M,M,Y,1
Shopper_347,9274a7aa-249b-38fe-a489-f427e5e87187,60,M,M,Y,1
Shopper_348,b05315cf-1b74-31bf-9387-2bc5163360e5,81,M,S,Y,0
Shopper_349,0bf07a44-407c-336a-8082-8e52491ff786,38,M,S,Y,0
Shopper_350,deac3049-98c9-3825-a705-4a42c0979da7,49,F,M,Y,2
Shopper_351,b1e2ef31-1cf8-3c1d-8de5-2b5672509ca1,45,F,M,N,0
Shopper_352,82894dc0-7e24-3be5-903b-2323fa1c2321,61,F,S,N,0
Shopper_353,7482393c-d8d1-3082-b7cf-5896c89d18f0,64,M,S,Y,0
Shopper_354,95d9f914-36bc-393a-88d3-cb2971c77ebe,46,M,S,Y,0
Shopper_355,09d4eb74-afb6-3c3f-b7ec-a971be9beffd,25,F,S,Y,0
Shopper_356,10496e3e-3c6d-346d-a00b-f26ac4a3cfe6,69,M,M,Y,0
Shopper_357,37bd7af7-105b-3150-a30a-939d7e7f7eba,57,M,S,N,0
Shopper_358,f1c1df06-3339-391c-abd6-274c8669ec41,26,M,M,N,0
Shopper_359,fb7bd976-9d47-349e-94f5-a9f6acb0df0d,38,F,S,Y,0
Shopper_360,80299fba-b918-35ad-ba8e-41790135a7a1,48,M,S,N,0
Shopper_361,b366e84c-c46c-3e4e-b64b-a186f0f90b7e,73,F,M,N,0
Shopper_362,dfccbf0b-c39d-3e0d-89ad-7f56194ec308,41,M,S,Y,0
Shopper_363,f8249104-8b90-36e5-96fd-da3109789748,78,F,D,N,1
Shopper_364,fcfc9f13-9afe-3805-a407-4f8851fc62e1,44,F,S,N,0
Shopper_365,fa869b8e-d881-30d2-8602-f4fa090a5014,45,M,S,Y,0
Shopper_366,8cc0938d-7b59-3b2f-9778-af408a890a4f,46,M,M,N,0
Shopper_367,3d56b530-5cf2-31c0-9a3d-9e79b2bea1c9,69,M,M,N,0
Shopper_368,d1417236-6dc1-3526-965f-f932a01bb84e,33,F,D,N,3
Shopper_369,ef25adb6-7c60-3271-812b-8cde29fefdec,32,M,S,N,0
Shopper_370,cae10963-e2d3-38c3-9ed3-64c1fe97457a,29,F,D,N,1
Shopper_371,c976310d-b206-33a2-adfc-517f3e818a99,61,F,M,Y,0
Shopper_372,1d4aaee4-9f9e-39cc-ae7e-43a79a248a7b,69,M,S,Y,0
Shopper_373,3b04c703-1036-32d8-bd5e-d8884ae25bd2,25,M,S,N,0
Shopper_374,5469483c-9f13-331d-8dfa-cf42911cab69,43,F,S,N,0
Shopper_375,cf3677d3-712a-3bcd-a4cb-6f6e6f627ccf,35,F,S,N,0
Shopper_376,84b5de46-4e81-3ad2-9eb5-ab77f23394f5,26,M,S,N,0
Shopper_377,dfa671a9-b593-3f77-ba41-a79cd92377b6,39,M,S,N,0
Shopper_378,7136252c-4254-3594-b9f3-37200f362f55,31,F,M,N,0
Shopper_379,6c530ab2-aa44-389b-b881-a4b6875dc13f,44,F,M,N,0
Shopper_380,1d7e8ee3-b5cd-3db9-a06c-57a5c7a25d2a,59,M,M,Y,0
Shopper_381,05154007-c92d-3b51-abd5-f69977b73491,47,M,M,Y,0
Shopper_382,c1f53f6d-507e-3ad8-a285-0da623db4cf8,88,F,S,Y,0
Shopper_383,67e4e3b1-3615-3c67-b497-6abf1b8d98a2,50,F,M,Y,0
Shopper_384,f7b0d8b2-a5dd-3543-b4b3-9f130b4ff626,54,M,M,Y,0
Shopper_385,e0abe53d-ac4d-32f1-9d05-38293fe81454,27,F,S,N,0
Shopper_386,9bb0bf79-4f3e-3252-a0b6-412972240db6,33,F,S,N,0
Shopper_387,1d713ee3-0be8-30d2-929b-5cbc84f31f01,27,F,D,Y,1
Shopper_388,2fd91753-b998-3a46-97fa-96b257359bae,50,F,S,Y,0
Shopper_389,4b4447e1-f044-3fd2-aa48-e33add353a5c,62,M,M,Y,0
Shopper_390,1748a661-4e0f-3b51-bb96-94f68453e93a,81,F,S,Y,0
Shopper_391,42d47998-31d5-3689-b5af-081bfde06ee5,27,F,S,Y,0
Shopper_392,cdade33e-d0e4-3bea-8039-bf37094ea9c8,40,M,M,Y,0
Shopper_393,8ad7c42a-9d3a-3658-8814-fc1860695f18,32,F,S,N,0
Shopper_394,15693eb6-766a-39ca-9816-f855a80c70aa,63,F,M,Y,0
Shopper_395,6e2fb7a9-2175-3ddf-8205-d55c0f326fe1,64,M,M,Y,0
Shopper_396,1a210e88-3d77-360c-98c6-2f07ee36e1e9,36,M,S,Y,0
Shopper_397,118c11e9-890b-3cd9-a842-11dad4ed9968,31,F,M,N,0
Shopper_398,e4980169-c323-3e82-b7f7-d3d313f37c06,57,M,M,Y,0
Shopper_399,3842a609-631e-318e-9005-fcbbab6d5414,46,M,M,Y,2
Shopper_400,46ac34f9-a2fc-3dc1-b586-968472f16a1b,61,M,D,Y,1
Shopper_401,339fa512-f43a-31ee-bf93-a58e8a45d803,36,F,M,Y,2
Shopper_402,a2c19c7e-cbee-3052-bbfd-4b37ae5df405,33,M,M,Y,1
Shopper_403,53602ee9-c33b-33fd-80b5-e811f5332ebf,22,F,S,N,0
Shopper_404,7108cbdb-30ee-342d-b4c2-73a7d84e92af,45,F,M,Y,3
Shopper_405,e46793ad-0bef-3f48-87eb-9bfe9d5da5b2,40,F,S,N,0
Shopper_406,2c28b5fe-e19f-33ac-8338-c245d20125d9,57,F,M,Y,0
Shopper_407,6f6edb0a-3c52-3aed-84ee-a52d975b5ca0,80,M,S,N,0
Shopper_408,485574af-c2de-34b1-acc1-1f40d8961e68,29,M,M,Y,0
Shopper_409,2322fbac-325a-3e06-9957-b0a581ebb8f3,51,F,D,Y,3
Shopper_410,248092b6-7917-379b-91a8-59984d288e56,49,M,M,Y,0
Shopper_411,1c1aad10-dfb4-37f1-9fb8-42a4244c996c,23,F,S,Y,0
Shopper_412,2a593af3-e1c1-3242-90c8-01e407390891,47,M,M,Y,0
Shopper_413,a5b369a6-b3a4-3c8e-a6c1-7bf364ed757c,39,F,M,Y,3
Shopper_414,f924de95-24f7-3609-a3d6-1c6e6220abc3,39,F,M,N,1
Shopper_415,b136d178-c77b-32e0-93e2-7518b6ecc43d,21,F,S,N,0
Shopper_416,63389d72-7cf5-3b29-a985-c9cdb7e09ff6,25,M,M,N,0
Shopper_417,afe08b96-6d40-35f1-bccb-bcc5564321b8,39,M,S,Y,0
Shopper_418,f6435c43-8242-387c-9f49-0bd2209c9159,47,M,M,Y,2
Shopper_419,d5966e85-ffc9-3bae-a0f9-882bbffd6e92,54,M,M,Y,0
Shopper_420,b87a525b-7172-32d5-bb7c-c200c91ec999,59,F,S,Y,0
Shopper_421,294a6702-3a83-3fa4-b959-51249186f2a0,46,F,M,N,0
Shopper_422,d0ad3a6d-84b2-3a7f-af80-b1af6714d0f0,37,F,D,Y,1
Shopper_423,134cb1a3-8ac2-3bea-8660-44dd40890cca,56,F,S,Y,0
Shopper_424,4a4069d0-da3f-332e-9a0c-c1bd6c47429c,25,F,S,N,0
Shopper_425,7ae6797a-1717-3024-aa2e-c3dd316d96f6,33,F,S,N,0
Shopper_426,f8fe5fd4-f5bd-3004-a209-61eab9b11727,37,M,S,N,0
Shopper_427,c8f18adf-5510-3bf3-a886-757aa0d5cee8,50,F,D,N,1
Shopper_428,7033ca0b-ee3a-329e-911e-ba27a810f981,59,F,S,N,0
Shopper_429,0a8bfc60-05d8-3487-ae70-b31c505a30f5,47,F,S,Y,0
Shopper_430,3d4585fb-d69f-3c94-811e-4095ccc15378,36,M,S,Y,0
Shopper_431,93b898ca-b543-344b-af23-5e66bb898479,37,M,M,Y,0
Shopper_432,d96478e7-940b-34c8-88aa-8367d023174e,30,F,D,Y,1
Shopper_433,e526282b-d45e-3da5-98e9-4229a09d6bb4,65,M,S,Y,0
Shopper_434,2fcf6563-7093-31e1-a2ee-efd7863c3e89,66,M,M,Y,0
Shopper_435,ee33909d-df66-3839-94ac-16dd416f711e,59,F,S,Y,0
Shopper_436,4f46c75d-7525-3148-8d8c-e898f5439228,23,M,S,N,0
Shopper_437,42541079-ecba-35bc-93ec-9b9183aec2d7,75,M,S,N,0
Shopper_438,77a3d77b-1bfd-344d-938c-94008b7a853a,44,F,M,Y,2
Shopper_439,2964aa1e-cd11-355e-a934-c6501f0aede5,56,M,M,Y,1
Shopper_440,6f3b874a-af9c-34f2-86dc-2da79e5d5b29,49,F,S,Y,0
Shopper_441,67eac4da-f267-3f69-b199-5af035774ffd,70,M,M,Y,0
Shopper_442,a462bcfd-7a46-3f6f-9af8-f1d5d3ec0349,30,F,S,Y,0
Shopper_443,9569b464-ab40-338d-8d42-6d6f5bd5af93,64,F,S,Y,0
Shopper_444,af6252f2-9bfa-342e-92d5-ccf8135e6241,31,M,M,N,2
Shopper_445,7bb7b527-404f-352c-b11f-4adc5314550c,64,F,M,Y,0
Shopper_446,29c336d2-c4fd-3e8b-b443-233ad98367e5,37,F,S,N,0
Shopper_447,8ea41cae-d06b-3968-a897-f39ec78a7cf1,59,M,S,Y,0
Shopper_448,de18575a-af75-3ae4-a5e6-0a8cd97e5d43,33,F,S,N,0
Shopper_449,30b4b07e-0c0a-38c1-8eda-b2f022695f8b,51,F,M,N,0
Shopper_450,53701233-0b14-362f-9cd0-e0a5685138dc,40,F,S,N,0
Shopper_451,72794847-a800-3fa4-810e-87443ff51a79,35,F,D,N,1
Shopper_452,42cf5a4f-a576-3126-8b71-21b05857b640,48,F,M,N,0
Shopper_453,432d4aff-785d-39dd-a2b2-6536bd3eeaaa,33,M,S,N,0
Shopper_454,40f3989f-1f16-337f-9594-03ba620b6a0e,77,F,S,N,0
Shopper_455,f364eeb1-8938-3a65-b1b1-51cfb0ab970a,48,F,D,Y,4
Shopper_456,14cfaa84-838a-3374-afa1-76375ac09bb5,39,F,M,N,1
Shopper_457,d652e410-cced-3d30-9ceb-b0f76d4ddbfe,62,M,M,N,2
Shopper_458,b34cf2be-6125-305d-bfc2-33e829ada5f1,79,F,D,Y,1
Shopper_459,8f241d82-63d9-3fe1-9668-c5d02a38fd7b,59,F,S,N,0
Shopper_460,d790748f-9326-3346-92fc-bc356453b132,19,M,S,N,0
Shopper_461,ff0c851e-b662-3a11-b20a-53dd7b5dd5ef,76,F,S,Y,0
Shopper_462,1abc2658-d6d7-3182-b42d-425baa0b6248,25,F,S,N,0
Shopper_463,c6e555df-d7d5-3d5b-8390-c3a6b44b6a27,53,F,M,Y,0
Shopper_464,c909614c-599d-3cb4-8183-ea01532e3814,60,M,S,N,0
Shopper_465,4e7c38f8-0a11-3669-a60d-b0dec8abeeba,37,M,M,Y,0
Shopper_466,33fe3f45-1262-3091-bccf-4ccd51e5285a,40,F,M,Y,0
Shopper_467,cf06129d-2403-34ce-a665-888081259a58,34,M,M,N,1
Shopper_468,d343884f-086e-3a12-b3cf-bbf06e82f15e,44,F,M,N,1
Shopper_469,0c58ea2d-db8f-3b74-bc39-71eaeaa2d25a,63,M,S,Y,0
Shopper_470,cb2e69f3-9a5f-3675-8d53-c6854f70b8d7,35,F,M,Y,0
Shopper_471,43cab457-faef-3781-b74f-d1c7d4a6b817,49,M,S,N,0
Shopper_472,2988cd4b-9c6e-3dd2-8ede-0a2085e40de3,60,M,M,Y,1
Shopper_473,ac495f10-2a1e-3f3d-894e-dd8c11108b50,42,M,M,Y,1
Shopper_474,91aeec48-590d-380d-a358-705c688a8c53,56,M,M,Y,1
Shopper_475,1f37a431-0999-3aab-8f4c-84cb8f73111a,61,F,M,Y,0
Shopper_476,da884bf1-c57e-395c-8889-af1261d7bbc8,57,M,M,Y,1
Shopper_477,57a4df0e-0991-3bac-8a5c-fdfdc176c685,27,M,M,N,0
Shopper_478,66dfbd00-14be-30d6-bb09-04ec81459ccd,72,M,M,Y,0
Shopper_479,5c911f4b-aefc-3bbc-a466-a2c4f83f346e,31,M,M,Y,0
Shopper_480,b1915d6d-6789-3f60-a83d-bcccc16c0185,59,F,S,N,0
Shopper_481,b10d21ed-26e6-358b-b391-37de9e533b0a,38,F,M,Y,1
Shopper_482,57801474-d107-3a33-9402-f827f2ab1420,59,M,M,Y,0
Shopper_483,08f3259e-8966-3578-8cf4-80daa0db9f02,33,F,S,Y,0
Shopper_484,98c1ed9f-17d3-3c25-905a-b2f8c72bb14f,37,M,D,Y,1
Shopper_485,abe8a95e-9a8e-3522-8850-f9cc1ca30ffd,35,F,M,Y,2
Shopper_486,25e64f36-b180-3bf1-b422-d4b2dd4250fc,22,F,S,N,0
Shopper_487,8633eb29-cb00-37aa-87c6-5c8555a65572,66,F,S,Y,0
Shopper_488,4a503e41-1d43-3d56-a543-e9054a880b94,45,M,M,N,0
Shopper_489,c16c82fe-568a-313a-9233-8b7baf307ea7,39,F,M,Y,0
Shopper_490,34ba791d-0e9c-331d-8210-672fdb3c2064,73,M,S,Y,0
Shopper_491,4e882522-899f-39cb-b43b-09d98f122cd2,79,M,S,Y,0
Shopper_492,4340130e-2102-30b2-b818-cf35c03ce687,58,M,M,Y,0
Shopper_493,53c8ce59-561d-3aed-bd00-0e629b5dce29,66,M,M,Y,0
Shopper_494,562c2429-e71b-3317-8992-d04060fd259f,68,M,M,Y,0
Shopper_495,6b3412e3-243c-3596-b9a9-a65abeca934b,44,M,M,N,0
Shopper_496,4cc49cd9-d62d-3b11-8a97-278ce3a8e123,60,M,M,Y,0
Shopper_497,5ba60c5c-2756-346e-8f68-e4272fb909e8,61,M,M,Y,1
Shopper_498,b0c5b0f9-2d10-3c47-9b91-aec48eb794aa,63,F,M,Y,3
Shopper_499,bcfad263-ca80-37a4-90ae-bea25aef2ebe,41,F,D,N,1
Shopper_500,74764572-4116-3242-96d0-5e8e31b25413,63,M,M,Y,1
Shopper_501,98b22277-7efc-3b1b-b04d-bb64315be7b3,62,F,M,Y,0
Shopper_502,7c3b3a08-6931-379d-8725-e683a4bdbeed,19,F,M,Y,1
Shopper_503,5dae915d-370b-3e60-815d-c4515b9260af,28,M,S,Y,0
Shopper_504,84928a7d-b659-3825-bc14-53b4d02abbf4,57,M,S,Y,0
Shopper_505,162c495a-a566-3622-a0a4-c1277f5bac7b,23,F,D,Y,1
Shopper_506,0aa628dc-6d47-3ad5-aa3e-24dd791a7940,70,M,M,Y,0
Shopper_507,f51927e7-2d55-3ddb-8f9b-4f02eba4be24,46,F,S,Y,0
Shopper_508,e36643f3-1b2c-3d21-9495-1402be927144,43,M,M,Y,0
Shopper_509,63a3a764-d81d-3f37-8983-fdf912223a3b,30,F,S,N,0
Shopper_510,5255317d-db40-330d-8eff-4886db0c03c4,76,F,M,Y,0
Shopper_511,9291ae0e-25b0-3e8f-832f-d8e7abe3cc96,47,F,M,Y,1
Shopper_512,be9260fc-7889-3cd2-b21c-384fdb61a7f8,61,F,S,N,0
Shopper_513,e3aa07dc-2d0a-3533-b499-1cad630e3c9c,55,M,M,Y,0
Shopper_514,701f3faa-0001-3eab-aae6-c4c696ebf731,64,M,M,Y,0
Shopper_515,6458dc72-9ea7-3b2d-a46e-28712b6cda72,22,F,S,N,0
Shopper_516,d03282ac-fce9-32d4-b4d9-f8b8d25d377c,42,M,S,N,0
Shopper_517,d59dce91-d7b4-3245-b801-5ffbf69f812d,57,F,M,Y,0
Shopper_518,1bede03f-326d-3d55-89f7-c1e6c7b20c2b,49,F,S,N,0
Shopper_519,d4d6f031-2d86-33fd-b4be-07d88e974657,70,M,S,N,0
Shopper_520,641e9857-a95a-3296-a9b0-b66d28d0394a,25,F,S,N,0
Shopper_521,a6193b2f-4f78-3883-86d8-fc213e6f8069,82,M,M,N,0
Shopper_522,1cb89bf7-88d2-3dc8-b5da-bfdc28ac5bd5,26,M,S,Y,0
Shopper_523,fc81fa97-7f10-3b69-bd59-7c55a3f1acf2,40,F,S,N,0
Shopper_524,07f2fb0b-aae5-36e8-8466-8106dd49127a,26,F,S,N,0
Shopper_525,f571f00c-1b96-3e9e-b985-d9ff706e1fb0,51,M,M,Y,0
Shopper_526,7575d8e3-f0cd-3bf3-a32a-97886c93f05a,57,M,S,N,0
Shopper_527,467d9a6c-1971-369d-9f7c-9c99d30c4ddd,31,F,D,N,1
Shopper_528,4159bfb3-21c0-3c2c-b8e6-99070b3172b7,45,M,D,N,1
Shopper_529,183d8871-a6f9-3106-ab87-4bb80354848a,57,M,S,N,0
Shopper_530,39ec797a-a7f5-3f60-a1c5-8c58af3d0137,65,M,S,Y,0
Shopper_531,935a59f4-8bee-3a81-aff3-4872a78df907,54,M,M,Y,0
Shopper_532,8bca0a01-c300-3a4b-ab77-bd6fa887e152,60,M,S,N,0
Shopper_533,44d75b32-53ba-363e-a837-adddd5a76779,22,F,S,Y,0
Shopper_534,cbc4318c-2963-3494-a1db-61fb2edae565,69,M,M,Y,0
Shopper_535,bd35b1a3-fe3d-3186-8774-51bab38572a1,42,F,S,N,0
Shopper_536,f05aeac1-e4e4-3f37-b5d8-2190b63709ae,59,M,M,Y,2
Shopper_537,f6981571-3845-3454-b324-fb1da1102760,55,M,M,Y,2
Shopper_538,09fb9cf4-2b53-39d0-ba0d-d1bab7a4588f,24,F,S,Y,0
Shopper_539,3ebdd444-6192-3dbd-9731-91563c743057,63,M,M,Y,0
Shopper_540,0093f844-f100-3ff0-8d87-38cea990e4fd,45,M,M,N,2
Shopper_541,752f68b4-12e2-3d3e-a009-23fc7a7e2545,31,F,M,N,0
Shopper_542,32db0e93-9276-3ff3-9666-4223d7b96490,58,F,S,N,0
Shopper_543,2aeddf52-6dc6-39d6-becb-877e717d0e23,49,F,M,Y,1
Shopper_544,c7c8b32c-055f-3dd1-9bbf-b89ea7ec4c44,68,M,M,Y,0
Shopper_545,853923ef-9e74-3bd7-b1db-078e63bfc0ca,55,M,M,Y,0
Shopper_546,c4298718-00e8-349b-bc68-daa2e68f6287,61,F,M,Y,0
Shopper_547,dc2410cb-3c2e-3672-bf58-5cad8ebd80fd,72,M,M,Y,1
Shopper_548,d7cff28f-89f8-3c95-bee8-05306fe437b9,62,F,S,N,0
Shopper_549,4a1aeea8-bf02-31ce-ae80-054d0d71663f,56,M,S,Y,0
Shopper_550,e6d9272b-b5ab-33a1-b334-da4de6b2d352,68,F,S,N,0
Shopper_551,662e858c-a7a8-3aa0-a028-82f2cc9d7108,77,M,M,N,0
Shopper_552,7444d133-1a7a-33e9-b6d0-e5838ad5ec7a,42,M,S,N,0
Shopper_553,77d9cc00-f1b6-38dd-a887-572f663c11c4,67,M,M,N,0
Shopper_554,7254bebe-09b0-3359-9d5d-d55d00353e25,61,M,M,Y,0
Shopper_555,61f76c1f-54db-3542-99d9-bed6bb1441bd,71,M,S,Y,0
Shopper_556,0998e032-56c2-3579-8518-5f9260d17dec,45,F,M,Y,4
Shopper_557,c1757a9e-2f29-3a9d-9ffb-cbb9fd20f69b,44,F,S,N,0
Shopper_558,5b262605-4c8a-32ff-b917-bcf23c986cae,22,M,S,Y,0
Shopper_559,299782a2-5b9b-3233-836a-57fb2c7b0874,62,F,M,Y,0
Shopper_560,c18719bc-d3f3-3db1-9220-c9261e928ea4,49,M,M,Y,3
Shopper_561,432d56d7-c301-34b8-bd4a-69bd3e5e125d,27,F,S,Y,0
Shopper_562,3ba1d8a5-4150-3e03-a52a-ae08393f17dd,64,F,M,Y,0
Shopper_563,131b6acc-649d-3d5b-bd84-0385c4e360a5,27,F,S,Y,0
Shopper_564,24761403-2ff6-3b82-8861-1f8c91f9b8be,60,M,M,Y,1
Shopper_565,72b79daa-a4c1-375a-9303-f4f5580a6096,45,F,M,Y,1
Shopper_566,fe03a8f8-2624-3440-9ff5-45037d4afcdc,93,M,M,Y,0
Shopper_567,ec58077c-fc04-34a4-af31-d951098e224d,48,M,M,Y,0
